D4467,Zhang Wei,567 Care Road,0165432109,M,41,Orthopedics,Morning,20,Bone
D4468,Sarah Johnson,123 Health Street,0167891234,F,35,Cardiology,Evening,12,Heart
D4469,Michael Chen,789 Medical Ave,0169876543,M,45,Neurology,Morning,15,Brain
D4470,Emma Williams,234 Wellness Blvd,0162345678,F,38,Pediatrics,Morning,10,Children
D4471,Raj Patel,890 Hospital Lane,0168765432,M,52,Oncology,Morning,25,Cancer
D4472,Maria Garcia,456 Care Circle,0163456789,F,33,Dermatology,Evening,8,Skin
D4473,James Wilson,321 Doctor Road,0167654321,M,47,Gastroenterology,Morning,18,Digestive
D4474,Liu Yang,654 Health Park,0164567890,F,39,Ophthalmology,Evening,14,Eye
D4475,Ahmed Hassan,987 Medical Court,0169998877,M,44,Pulmonology,Evening,16,Lung
D4476,Sofia Martinez,147 Clinic Way,0166543210,F,36,Endocrinology,Morning,11,Hormone
D4477,David Kim,258 Hospital Drive,0165555555,M,42,Rheumatology,Morning,13,Joint

