N0002,Sarah Johnson,123 Health Street,0167891234,F,35,Cardiology,Evening,10
N0003,Michael Chen,789 Medical Ave,0169876543,M,45,Neurology,Morning,20
N0004,Emma Williams,234 Wellness Blvd,0162345678,F,38,Pediatrics,Morning,12
N0005,Raj Patel,890 Hospital Lane,0168765432,M,52,Oncology,Morning,25
N0006,Maria Garcia,456 Care Circle,0163456789,F,33,Dermatology,Evening,8
N0007,James Wilson,321 Doctor Road,0167654321,M,47,Gastroenterology,Morning,18
N0008,Liu Yang,654 Health Park,0164567890,F,39,Ophthalmology,Evening,14
N0009,Ahmed Hassan,987 Medical Court,0169998877,M,44,Pulmonology,Evening,16
N0010,Sofia Martinez,147 Clinic Way,0166543210,F,36,Endocrinology,Morning,11
N0011,David Kim,258 Hospital Drive,0165555555,M,42,Rheumatology,Morning,13
N9794,GAYGAY,main,123,M,10,AHA,nightNight,5
